user_id,item_id,rating
U1,146,3.5
U1,588,4.8
U1,580,4.9
U1,67,4.2
U1,161,3.9
U1,647,3.6
U1,340,2.6
U1,447,3.4
U1,221,4.2
U1,559,3.7
U1,505,2.6
U1,98,4.5
U1,773,2.5
U1,122,4.5
U1,427,4.0
U1,745,4.0
U1,811,5.0
U1,692,3.4
U1,783,4.5
U1,267,2.2
U1,70,3.0
U1,793,4.0
U1,270,4.1
U1,836,2.4
U1,189,3.3
U1,839,3.7
U2,370,4.7
U2,830,3.3
U2,813,3.1
U2,395,4.9
U2,546,3.1
U2,75,1.9
U2,866,4.1
U2,234,2.9
U2,192,4.6
U2,932,3.2
U2,806,3.8
U2,289,5.0
U2,277,5.0
U2,254,2.9
U2,692,4.9
U2,834,4.3
U2,175,2.9
U2,368,3.5
U2,906,2.2
U2,394,3.3
U2,432,4.2
U2,241,3.7
U2,444,3.9
U3,293,3.3
U3,761,4.1
U3,201,4.7
U3,954,4.7
U3,447,4.8
U3,132,4.2
U3,992,5.0
U3,243,4.0
U3,256,4.5
U3,483,3.5
U3,853,3.7
U3,554,2.7
U3,871,3.7
U3,375,3.3
U3,215,4.0
U3,301,3.4
U3,129,4.4
U3,633,3.6
U3,485,3.2
U3,969,3.4
U3,675,3.0
U3,744,3.7
U3,425,3.3
U3,622,4.1
U3,848,4.2
U3,945,3.2
U4,691,5.0
U4,176,1.9
U4,495,4.2
U4,267,4.3
U4,964,4.2
U4,132,3.5
U4,115,2.3
U4,151,3.5
U4,816,2.8
U4,993,5.0
U4,632,3.7
U4,994,3.3
U4,308,5.0
U4,314,4.4
U4,751,3.2
U4,116,2.9
U4,22,4.1
U4,696,3.1
U4,245,4.6
U4,450,2.4
U4,271,3.8
U4,542,3.8
U4,649,3.9
U4,911,4.2
U4,833,4.1
U4,780,3.0
U4,891,4.6
U4,920,3.3
U4,819,3.2
U4,175,1.9
U4,974,3.4
U4,6,3.4
U4,872,2.9
U4,321,3.4
U4,589,4.4
U4,285,5.0
U5,459,4.3
U5,8,3.9
U5,75,3.4
U5,990,2.9
U5,917,3.0
U5,202,5.0
U5,966,3.2
U5,858,4.4
U5,690,3.5
U5,554,3.2
U5,117,3.7
U5,679,2.5
U5,729,3.1
U5,749,4.0
U5,18,3.7
U5,853,3.0
U5,989,2.6
U5,451,2.4
U5,1008,3.8
U5,128,4.2
U5,988,3.3
U5,769,2.2
U5,374,5.0
U5,773,4.5
U5,319,4.4
U5,1015,3.8
U5,550,3.2
U5,562,3.2
U6,585,1.7
U6,486,4.3
U6,813,3.2
U6,805,3.2
U6,743,4.4
U6,836,3.0
U6,497,2.6
U6,512,2.3
U6,718,3.4
U6,58,3.6
U6,753,5.0
U6,17,3.2
U6,523,3.5
U6,913,3.7
U6,561,3.5
U6,731,3.7
U6,726,4.8
U6,277,2.8
U6,324,3.9
U6,275,5.0
U6,537,5.0
U6,142,3.8
U6,686,4.9
U7,574,2.0
U7,457,4.8
U7,257,2.1
U7,182,4.7
U7,565,3.4
U7,234,4.4
U7,660,4.5
U7,329,3.1
U7,551,3.4
U7,801,1.9
U7,849,3.7
U7,110,3.1
U7,585,4.4
U7,827,2.5
U7,983,3.8
U7,360,5.0
U7,571,3.7
U7,362,3.1
U7,177,4.4
U7,366,3.6
U7,465,4.2
U7,767,3.7
U7,221,3.9
U7,216,3.4
U7,552,4.3
U7,132,4.9
U7,772,2.8
U7,840,5.0
U7,735,3.9
U7,625,2.4
U7,994,4.7
U7,5,3.7
U7,575,2.5
U7,352,3.1
U7,624,4.5
U7,438,4.0
U7,855,4.0
U7,351,4.0
U7,646,4.5
U7,224,4.2
U7,622,3.6
U7,728,3.1
U7,183,4.5
U7,549,3.9
U7,431,3.1
U7,106,4.4
U8,188,5.0
U8,404,2.0
U8,875,2.5
U8,723,4.7
U8,683,4.0
U8,62,3.4
U8,175,4.0
U8,693,5.0
U8,681,4.4
U8,178,3.5
U8,733,4.8
U8,552,4.0
U8,1008,4.2
U8,254,3.7
U8,450,4.8
U8,682,2.8
U8,412,3.0
U8,526,2.3
U8,21,3.5
U8,360,2.0
U8,913,3.8
U8,448,4.1
U8,35,4.7
U8,1000,3.4
U8,670,2.8
U8,667,3.5
U8,199,3.5
U8,231,4.7
U8,198,4.3
U8,190,3.9
U8,924,3.0
U8,892,3.8
U8,273,5.0
U8,674,5.0
U8,377,4.5
U8,365,5.0
U8,641,4.0
U8,285,3.5
U8,760,4.7
U8,397,1.6
U8,653,2.5
U8,720,3.4
U8,679,3.5
U8,611,3.7
U8,233,4.1
U8,663,3.3
U8,535,3.2
U9,479,5.0
U9,205,1.4
U9,69,4.4
U9,204,4.5
U9,736,3.8
U9,170,2.9
U9,33,4.0
U9,200,2.7
U9,960,5.0
U9,227,3.6
U9,243,4.8
U9,790,2.8
U9,680,3.6
U9,649,3.7
U9,1008,2.7
U9,36,2.2
U9,742,4.2
U9,338,3.1
U9,215,1.8
U9,290,5.0
U9,927,3.8
U9,804,4.0
U10,731,2.8
U10,11,4.2
U10,332,4.0
U10,822,2.8
U10,776,1.9
U10,945,3.5
U10,713,5.0
U10,405,2.2
U10,558,3.3
U10,506,4.1
U10,732,3.5
U10,238,5.0
U10,45,3.9
U10,744,3.1
U10,947,3.7
U10,21,2.1
U10,987,4.8
U10,650,3.4
U10,606,4.3
U10,345,3.8
U10,492,2.9
U10,905,4.4
U10,960,5.0
U10,980,5.0
U10,515,4.3
U10,313,3.4
U10,532,4.5
U10,663,4.2
U10,892,4.4
U10,735,5.0
U10,867,2.5
U10,758,3.5
U10,461,2.7
U10,756,3.3
U10,507,4.7
U10,424,3.2
U10,445,3.2
U10,249,4.3
U10,711,3.0
U10,771,5.0
U10,769,2.7
U10,296,4.5
U10,835,3.6
U10,242,4.6
U10,983,3.2
U10,568,5.0
U10,774,3.9
U10,674,2.0
U10,896,3.9
U10,862,2.4
U10,705,4.1
U10,344,4.3
U10,86,3.8
U10,509,5.0
U11,914,3.8
U11,744,4.5
U11,167,3.8
U11,998,5.0
U11,623,4.2
U11,912,2.7
U11,852,4.0
U11,962,3.8
U11,690,5.0
U11,722,3.7
U11,672,4.1
U11,624,2.2
U11,297,3.5
U11,421,4.7
U11,513,3.5
U11,64,3.5
U11,292,5.0
U11,579,3.3
U11,389,3.2
U11,603,1.9
U11,622,3.4
U11,686,2.8
U11,956,4.1
U11,186,3.0
U11,927,5.0
U11,573,3.2
U11,1003,2.6
U11,54,5.0
U11,223,3.8
U11,62,4.9
U11,619,4.4
U11,704,5.0
U11,655,2.8
U11,884,4.0
U11,841,3.1
U11,656,4.4
U11,132,4.8
U11,848,5.0
U11,296,4.6
U11,413,3.7
U11,755,3.3
U12,200,4.2
U12,844,5.0
U12,791,2.9
U12,787,4.0
U12,475,2.8
U12,862,3.8
U12,969,4.8
U12,337,3.0
U12,105,3.2
U12,803,3.4
U12,812,4.0
U12,26,3.9
U12,980,4.3
U12,325,2.8
U12,463,3.9
U12,626,3.0
U12,744,5.0
U12,1017,2.5
U12,644,4.9
U12,906,3.2
U12,707,4.3
U12,622,3.7
U12,242,4.0
U12,479,1.8
U12,947,4.2
U12,418,3.7
U12,49,4.3
U12,788,5.0
U12,754,3.4
U12,8,4.6
U12,873,4.5
U12,321,4.3
U12,270,5.0
U12,614,3.2
U12,527,3.3
U12,755,3.9
U12,725,2.8
U12,377,4.9
U12,204,3.7
U12,939,5.0
U12,258,4.3
U12,14,5.0
U12,355,3.9
U12,225,3.9
U12,131,2.8
U12,477,2.8
U12,217,4.1
U12,224,3.9
U12,240,4.2
U12,50,3.7
U12,135,3.2
U12,220,3.6
U12,405,4.8
U12,688,2.0
U12,739,3.9
U12,920,3.1
U12,808,2.5
U12,28,4.1
U13,787,3.8
U13,232,3.8
U13,137,2.2
U13,601,3.3
U13,694,4.0
U13,766,2.1
U13,725,2.8
U13,585,3.7
U13,463,4.6
U13,1003,4.1
U13,32,2.4
U13,507,3.4
U13,313,3.3
U13,211,3.5
U13,942,3.3
U13,5,4.0
U13,328,3.3
U13,442,3.5
U13,812,3.9
U13,39,2.8
U14,71,3.8
U14,1019,4.6
U14,130,3.0
U14,255,3.8
U14,381,4.3
U14,621,4.6
U14,124,5.0
U14,83,3.9
U14,355,4.0
U14,940,3.6
U14,586,4.0
U14,927,5.0
U14,807,4.7
U14,9,3.4
U14,879,3.4
U14,91,3.9
U14,877,3.2
U14,853,4.7
U14,668,4.8
U14,128,2.0
U14,540,2.6
U14,204,3.8
U14,291,3.0
U14,988,5.0
U14,680,3.3
U14,113,3.6
U14,709,3.5
U14,360,3.1
U14,122,4.7
U14,472,2.2
U14,878,2.6
U14,327,4.8
U14,613,2.6
U14,735,3.0
U14,839,4.0
U14,404,2.5
U14,390,4.4
U14,584,5.0
U14,13,5.0
U14,93,2.5
U14,937,4.0
U14,800,2.3
U14,23,5.0
U14,442,3.2
U15,553,4.7
U15,951,2.6
U15,448,4.5
U15,291,5.0
U15,48,3.4
U15,990,2.0
U15,1007,3.4
U15,36,3.9
U15,247,3.6
U15,115,5.0
U15,611,4.5
U15,187,2.5
U15,861,4.3
U15,463,4.4
U15,381,1.8
U15,600,3.4
U15,624,3.6
U15,318,3.5
U15,211,2.5
U15,346,4.6
U15,931,2.6
U15,455,3.4
U15,259,4.4
U15,983,5.0
U15,249,2.4
U15,708,2.9
U15,799,3.5
U15,334,4.1
U15,989,4.0
U15,866,5.0
U15,144,3.8
U15,429,4.1
U15,188,4.3
U15,382,4.3
U15,281,2.4
U15,446,5.0
U15,171,4.4
U15,888,3.8
U15,528,5.0
U15,574,4.4
U15,869,4.6
U15,714,4.3
U15,950,2.8
U15,662,1.6
U15,733,4.0
U15,292,3.9
U15,622,5.0
U15,32,3.3
U15,47,5.0
U16,884,4.2
U16,865,3.6
U16,229,3.5
U16,466,5.0
U16,285,5.0
U16,113,3.5
U16,311,3.2
U16,927,3.9
U16,90,2.9
U16,769,3.1
U16,49,3.7
U16,1017,4.8
U16,312,4.2
U16,701,2.6
U16,358,3.6
U16,209,5.0
U16,318,3.8
U16,371,4.8
U16,5,2.4
U16,724,4.7
U16,82,3.4
U16,202,2.1
U16,329,4.0
U16,370,3.3
U16,93,4.9
U16,997,3.1
U16,408,3.9
U16,892,3.3
U16,67,2.4
U16,970,4.2
U16,721,3.7
U16,249,2.2
U16,241,4.1
U16,167,2.6
U16,275,4.7
U16,504,3.6
U16,859,3.1
U17,439,4.8
U17,247,3.7
U17,409,2.7
U17,478,4.3
U17,473,2.1
U17,321,2.8
U17,153,3.8
U17,198,3.7
U17,311,3.9
U17,381,4.1
U17,655,3.3
U17,17,3.5
U17,14,4.9
U17,529,2.6
U17,183,5.0
U17,619,3.9
U17,406,4.1
U17,156,4.2
U17,412,3.6
U17,325,3.7
U17,415,4.6
U17,262,4.3
U17,180,4.3
U17,19,3.2
U17,238,2.9
U17,627,3.4
U17,853,5.0
U17,474,2.3
U17,260,4.2
U17,171,3.3
U17,216,5.0
U17,172,4.9
U17,150,2.4
U17,691,3.7
U17,332,4.2
U17,390,3.2
U17,52,3.5
U17,753,3.6
U17,668,5.0
U17,162,3.5
U17,462,2.8
U17,565,2.4
U17,768,2.9
U17,542,2.5
U17,997,4.0
U17,939,2.0
U17,624,3.3
U17,726,3.3
U17,501,3.6
U17,10,4.9
U17,831,4.2
U17,169,3.9
U17,718,3.0
U17,905,5.0
U17,877,3.9
U17,930,3.4
U17,87,3.9
U17,433,3.5
U17,368,5.0
U18,399,4.3
U18,841,4.3
U18,192,4.4
U18,983,3.8
U18,959,4.0
U18,757,4.7
U18,849,4.9
U18,664,4.5
U18,543,4.6
U18,1000,5.0
U18,655,3.4
U18,625,2.5
U18,972,4.3
U18,722,4.6
U18,694,3.5
U18,168,5.0
U18,415,4.4
U18,774,2.4
U18,267,5.0
U18,772,3.5
U18,940,2.8
U18,818,3.1
U18,875,3.7
U18,377,3.1
U19,154,3.7
U19,582,3.0
U19,809,4.5
U19,688,3.0
U19,268,2.9
U19,698,4.7
U19,954,3.8
U19,666,4.1
U19,292,4.0
U19,214,3.5
U19,195,4.1
U19,141,2.5
U19,2,4.0
U19,52,3.2
U19,658,3.9
U19,611,1.7
U19,276,3.3
U19,875,5.0
U19,672,2.4
U19,150,4.5
U19,69,2.4
U19,669,4.2
U19,403,2.4
U19,104,3.2
U19,273,1.8
U19,170,2.9
U19,57,4.1
U19,845,4.6
U19,757,3.3
U19,432,3.8
U20,619,2.7
U20,584,2.3
U20,307,1.9
U20,275,4.4
U20,483,2.5
U20,948,4.2
U20,170,4.0
U20,530,4.1
U20,907,2.8
U20,5,2.6
U20,685,4.0
U20,366,4.6
U20,899,4.4
U20,192,4.1
U20,87,4.4
U20,287,4.4
U20,894,2.5
U20,827,4.9
U20,979,3.3
U20,650,4.0
U20,184,4.2
U20,760,4.3
U20,189,3.3
U20,638,3.6
U20,108,4.6
U20,365,5.0
U20,354,3.1
U20,853,3.2
U20,805,2.0
U20,774,5.0
U20,1017,3.0
U20,878,4.7
U20,297,5.0
U20,451,4.5
U20,987,2.7
U20,913,2.8
U20,922,4.3
U20,993,3.9
U20,24,4.9
U20,701,4.5
U20,651,4.1
U20,807,3.8
U20,140,4.2
U20,969,3.1
U20,325,2.4
U21,47,4.5
U21,229,4.2
U21,376,5.0
U21,787,4.2
U21,89,4.9
U21,581,4.6
U21,442,4.5
U21,841,4.7
U21,161,3.7
U21,68,3.9
U21,18,4.0
U21,969,3.8
U21,868,3.9
U21,242,2.9
U21,379,3.5
U21,66,3.5
U21,488,4.4
U21,524,2.9
U21,800,4.2
U21,556,3.9
U21,146,3.4
U21,598,5.0
U21,796,3.9
U21,816,3.8
U21,688,3.2
U21,949,3.6
U21,786,3.5
U21,720,4.0
U21,777,3.6
U21,644,4.9
U21,259,4.4
U21,287,3.4
U21,71,3.9
U21,1014,4.8
U21,434,3.3
U21,388,3.5
U21,767,3.5
U21,851,4.1
U21,369,2.5
U21,885,3.9
U21,59,3.3
U21,156,4.3
U21,519,4.6
U22,248,4.3
U22,14,4.1
U22,929,3.3
U22,648,4.6
U22,726,3.9
U22,828,3.4
U22,450,3.8
U22,137,3.8
U22,214,2.5
U22,917,1.7
U22,535,3.8
U22,561,3.0
U22,117,5.0
U22,496,3.5
U22,294,4.5
U22,830,4.1
U22,530,5.0
U22,267,4.1
U22,907,2.9
U22,919,3.4
U22,8,2.7
U22,430,3.8
U22,768,3.8
U22,580,3.6
U22,712,3.4
U22,797,3.8
U22,210,2.9
U22,400,3.8
U22,2,5.0
U22,690,3.9
U22,639,3.9
U22,118,4.2
U22,880,4.2
U22,365,2.9
U22,509,2.5
U22,853,5.0
U22,765,2.6
U22,20,2.9
U22,678,3.6
U22,720,3.7
U22,427,4.3
U22,239,2.4
U22,62,4.0
U22,415,3.4
U22,327,4.8
U22,277,4.7
U22,614,3.8
U22,262,5.0
U22,504,4.2
U22,380,4.1
U22,186,3.3
U23,588,4.5
U23,192,4.5
U23,456,2.0
U23,732,4.3
U23,780,4.0
U23,228,3.2
U23,949,2.6
U23,1008,5.0
U23,772,5.0
U23,63,3.8
U23,668,3.6
U23,173,4.1
U23,30,2.5
U23,600,4.1
U23,869,5.0
U23,876,3.4
U23,1017,3.7
U23,277,2.8
U23,756,3.8
U23,1018,2.6
U23,915,3.8
U23,759,3.5
U23,899,3.5
U23,604,4.9
U23,961,4.4
U23,601,4.5
U23,504,3.1
U23,611,3.6
U23,775,4.0
U23,493,5.0
U23,223,3.9
U23,156,3.6
U23,879,1.9
U23,948,5.0
U23,738,5.0
U23,158,3.9
U23,62,5.0
U23,788,3.7
U23,60,2.8
U23,866,3.5
U23,469,4.0
U23,635,4.6
U23,886,2.2
U23,567,5.0
U23,651,5.0
U23,885,3.6
U23,233,3.1
U23,372,5.0
U23,779,3.5
U23,312,3.1
U23,264,3.3
U23,873,3.3
U23,361,3.8
U23,205,4.9
U23,1015,2.9
U23,505,3.6
U24,665,2.6
U24,530,3.5
U24,55,3.7
U24,122,2.7
U24,509,4.7
U24,28,2.8
U24,507,4.3
U24,167,4.1
U24,854,3.4
U24,38,5.0
U24,255,5.0
U24,391,3.3
U24,474,3.6
U24,152,4.3
U24,217,4.1
U24,200,4.9
U24,239,1.7
U24,710,3.0
U24,370,4.1
U24,145,2.4
U24,300,3.7
U24,897,4.1
U24,381,3.4
U24,171,4.8
U24,296,2.8
U24,124,3.0
U24,417,4.3
U24,48,4.3
U24,625,4.0
U24,709,3.5
U24,73,4.5
U24,978,3.3
U24,512,3.8
U24,896,3.9
U24,940,2.9
U24,37,2.5
U24,221,2.8
U25,741,3.1
U25,81,4.1
U25,771,1.3
U25,713,2.6
U25,343,3.9
U25,578,4.0
U25,1010,3.2
U25,156,5.0
U25,499,2.7
U25,349,3.7
U25,805,5.0
U25,995,4.5
U25,79,3.5
U25,592,4.4
U25,588,3.2
U25,873,2.4
U25,119,3.2
U25,101,3.2
U25,743,4.0
U25,466,4.4
U25,621,3.1
U25,468,2.9
U25,201,4.7
U25,914,3.1
U25,457,2.9
U25,781,3.4
U25,99,3.9
U25,635,4.3
U25,541,5.0
U25,334,3.6
U25,442,3.0
U25,237,3.0
U26,253,2.7
U26,185,3.7
U26,249,3.9
U26,896,4.2
U26,543,3.4
U26,477,3.6
U26,216,3.9
U26,33,3.7
U26,251,3.2
U26,481,4.4
U26,832,2.8
U26,173,5.0
U26,263,4.5
U26,910,4.3
U26,146,5.0
U26,696,2.6
U26,510,2.3
U26,1019,4.4
U26,736,3.4
U26,4,2.8
U26,712,3.3
U26,785,3.6
U26,612,3.8
U26,695,4.1
U26,51,3.1
U26,967,1.8
U26,336,2.7
U26,2,4.3
U26,878,4.0
U26,53,2.9
U26,403,4.3
U26,501,5.0
U26,966,4.2
U26,734,4.6
U26,244,3.7
U26,485,3.1
U26,628,3.6
U26,588,4.1
U26,223,5.0
U26,596,4.3
U26,670,3.6
U26,779,3.5
U26,767,5.0
U26,270,2.7
U26,809,4.8
U26,572,4.0
U27,883,3.8
U27,754,2.5
U27,780,3.2
U27,431,3.3
U27,648,3.1
U27,106,4.0
U27,245,3.7
U27,78,4.4
U27,100,4.3
U27,899,2.9
U27,673,4.9
U27,631,5.0
U27,983,5.0
U27,650,4.6
U27,446,3.7
U27,561,3.3
U27,584,3.7
U27,533,4.5
U27,312,3.9
U27,1018,3.9
U27,340,5.0
U27,277,3.1
U27,742,2.9
U27,922,3.9
U27,677,3.7
U27,822,5.0
U27,920,3.5
U27,86,4.0
U27,790,2.6
U27,586,3.4
U27,93,2.5
U27,680,3.2
U27,26,4.2
U27,729,4.8
U27,752,3.2
U27,482,4.8
U27,991,3.4
U27,970,4.9
U27,127,3.7
U27,565,4.3
U27,571,5.0
U27,1019,3.3
U28,706,3.6
U28,442,2.2
U28,241,3.6
U28,912,3.6
U28,538,3.1
U28,857,2.2
U28,413,3.2
U28,535,2.9
U28,668,4.4
U28,913,3.1
U28,610,5.0
U28,359,3.5
U28,224,3.6
U28,69,4.6
U28,367,4.6
U28,18,3.5
U28,887,4.6
U28,971,5.0
U28,25,4.5
U28,156,2.9
U28,282,3.1
U28,854,5.0
U28,392,3.6
U28,215,3.1
U28,250,3.6
U28,503,4.3
U28,278,4.5
U28,921,4.9
U28,397,4.0
U28,719,3.8
U28,670,4.4
U28,396,2.7
U28,137,4.8
U28,725,4.4
U28,214,3.3
U28,385,2.8
U28,162,4.1
U28,143,3.8
U28,388,4.5
U28,1005,3.7
U28,1002,2.7
U28,523,4.6
U28,390,3.2
U28,842,4.0
U28,425,3.4
U28,985,5.0
U28,335,5.0
U28,818,3.6
U28,474,3.3
U28,784,2.9
U28,1,3.4
U28,744,4.7
U28,198,4.4
U28,942,5.0
U28,180,3.2
U28,200,2.9
U28,653,4.0
U28,727,3.8
U29,1011,4.9
U29,3,3.6
U29,158,5.0
U29,733,4.3
U29,886,4.7
U29,702,3.2
U29,701,3.7
U29,431,3.2
U29,27,5.0
U29,739,2.8
U29,373,5.0
U29,783,2.8
U29,689,3.1
U29,932,3.5
U29,671,3.0
U29,935,5.0
U29,252,2.9
U29,470,4.7
U29,1008,4.5
U29,811,3.2
U29,344,4.6
U29,263,3.9
U29,411,4.1
U29,31,4.1
U29,649,4.7
U29,621,3.9
U29,520,4.6
U29,871,3.9
U29,620,4.4
U29,336,3.5
U29,374,2.3
U29,880,3.6
U29,668,4.8
U29,161,3.7
U29,186,1.9
U29,265,3.5
U29,984,3.4
U29,752,5.0
U29,982,3.7
U29,961,4.1
U29,837,5.0
U29,560,3.7
U29,43,3.3
U29,229,3.6
U29,863,2.5
U29,899,2.4
U29,720,3.0
U30,281,4.0
U30,573,4.5
U30,150,4.6
U30,94,2.7
U30,516,5.0
U30,951,3.0
U30,586,3.3
U30,502,3.5
U30,110,3.6
U30,9,3.6
U30,620,3.8
U30,311,4.5
U30,873,2.0
U30,582,1.5
U30,579,3.1
U30,865,3.0
U30,378,3.9
U30,891,1.9
U30,487,3.2
U30,326,4.1
U30,660,5.0
U30,446,2.5
U30,744,4.2
U30,443,3.2
U30,315,4.2
U30,413,3.2
U30,371,4.8
U30,554,3.9
U30,743,4.3
U30,429,5.0
U30,305,3.4
U30,959,4.3
U30,84,2.9
U30,650,3.3
U30,46,4.2
U30,856,4.0
U30,651,3.9
U30,98,4.3
U30,751,5.0
U30,135,2.3
U30,319,3.8
U30,289,4.9
U30,826,3.7
U30,355,3.9
U30,280,5.0
U30,753,3.7
U30,1013,4.6
U30,552,3.5
U30,693,2.2
U30,754,3.3
U30,545,3.8
U30,125,3.3
U30,818,3.4
U30,526,3.8
U30,334,4.0
U30,35,5.0
U30,736,3.4
U31,494,4.5
U31,852,5.0
U31,86,3.7
U31,767,4.4
U31,634,3.5
U31,721,4.0
U31,926,3.4
U31,627,3.1
U31,361,3.9
U31,797,3.9
U31,413,3.2
U31,328,5.0
U31,407,2.7
U31,48,4.7
U31,812,3.8
U31,439,4.7
U31,610,4.9
U31,181,5.0
U31,374,4.4
U31,242,4.2
U31,402,4.5
U31,481,4.8
U31,301,3.4
U31,13,3.8
U31,1013,4.7
U31,748,5.0
U31,839,3.0
U31,778,3.7
U31,255,3.4
U31,739,4.7
U31,1006,4.8
U31,39,3.7
U31,534,4.3
U31,297,3.8
U31,664,3.3
U31,695,3.8
U31,347,4.6
U31,906,3.2
U31,796,4.6
U31,95,4.4
U31,44,4.3
U31,200,4.0
U31,416,3.4
U31,904,5.0
U31,430,4.0
U32,864,2.5
U32,206,3.0
U32,315,4.2
U32,740,3.4
U32,112,3.1
U32,483,3.2
U32,42,4.5
U32,633,3.3
U32,576,2.8
U32,749,3.5
U32,285,4.3
U32,43,3.5
U32,63,5.0
U32,422,5.0
U32,16,4.5
U32,174,3.8
U32,69,4.4
U32,681,5.0
U32,499,4.9
U32,983,4.5
U32,762,2.2
U32,997,2.5
U32,880,4.8
U32,928,4.5
U32,868,4.3
U32,698,3.2
U32,173,2.6
U32,849,2.6
U32,33,2.8
U32,371,4.9
U32,134,4.0
U32,432,3.4
U32,341,2.8
U32,504,4.4
U33,140,3.3
U33,70,2.2
U33,681,3.4
U33,508,4.0
U33,993,2.7
U33,255,1.6
U33,861,2.2
U33,627,3.7
U33,1001,2.2
U33,424,2.8
U33,170,3.1
U33,900,4.9
U33,478,2.7
U33,951,3.9
U33,261,4.6
U33,917,3.9
U33,176,2.9
U33,53,3.6
U33,621,2.5
U33,223,4.0
U33,317,2.5
U33,422,5.0
U33,378,4.3
U33,509,4.6
U33,613,4.9
U33,184,3.0
U33,788,3.0
U33,461,5.0
U33,984,3.9
U33,479,4.2
U33,934,2.0
U33,565,4.3
U33,149,3.5
U33,626,3.7
U33,4,3.4
U33,467,4.3
U33,303,5.0
U33,192,3.3
U33,691,5.0
U33,751,4.7
U33,248,3.3
U33,14,5.0
U33,799,5.0
U33,86,4.3
U33,343,3.7
U33,435,3.7
U33,267,4.1
U33,477,3.5
U34,256,3.1
U34,447,2.3
U34,470,3.9
U34,581,3.1
U34,706,4.8
U34,888,4.4
U34,426,2.8
U34,331,3.9
U34,996,3.8
U34,943,3.7
U34,10,4.0
U34,745,5.0
U34,148,3.2
U34,892,5.0
U34,297,3.6
U34,898,3.4
U34,276,3.3
U34,308,3.5
U34,532,3.0
U34,125,3.7
U34,857,5.0
U34,548,4.0
U34,5,4.6
U34,142,4.2
U34,665,4.3
U34,40,3.6
U34,461,2.6
U34,800,3.8
U34,185,4.6
U34,980,3.7
U34,609,2.3
U34,1012,3.4
U34,1,3.2
U34,952,4.0
U34,428,5.0
U34,970,2.8
U34,793,4.6
U34,878,3.0
U34,883,2.9
U34,790,3.3
U34,67,3.2
U34,194,3.8
U34,512,2.7
U34,237,2.8
U34,656,3.9
U34,46,2.7
U34,660,3.9
U34,798,4.3
U34,144,3.7
U34,1007,3.9
U34,32,3.5
U34,619,4.1
U34,988,4.2
U35,461,3.7
U35,637,4.9
U35,246,2.3
U35,35,3.4
U35,647,2.3
U35,171,3.4
U35,210,4.2
U35,81,4.4
U35,345,3.5
U35,942,3.3
U35,628,3.7
U35,191,3.9
U35,479,3.3
U35,912,3.6
U35,417,3.2
U35,241,4.0
U35,985,3.3
U35,158,3.1
U35,619,4.4
U35,332,4.1
U35,618,2.1
U35,525,2.9
U35,448,5.0
U35,289,3.3
U35,716,3.9
U35,952,4.3
U35,409,4.0
U36,948,5.0
U36,380,4.4
U36,902,4.0
U36,199,5.0
U36,468,3.4
U36,139,4.7
U36,261,1.6
U36,729,3.8
U36,130,2.2
U36,883,3.4
U36,350,4.4
U36,587,4.2
U36,397,4.1
U36,701,4.4
U36,325,3.5
U36,756,3.2
U36,467,4.0
U36,303,3.4
U36,419,4.7
U36,912,3.5
U36,515,4.5
U36,111,1.6
U36,238,5.0
U36,415,2.9
U36,106,4.9
U36,989,4.0
U36,195,4.5
U36,797,4.0
U36,152,5.0
U36,476,2.5
U36,595,4.1
U36,892,3.8
U36,889,3.7
U36,275,5.0
U36,827,3.8
U36,407,3.6
U36,753,2.0
U36,903,4.4
U36,904,3.4
U36,605,4.8
U36,370,4.1
U36,412,3.8
U36,466,3.6
U36,77,2.0
U36,939,3.8
U36,343,4.0
U36,990,4.0
U36,606,3.5
U36,630,3.9
U36,1018,3.9
U36,860,4.4
U36,526,4.9
U36,664,4.5
U36,72,3.8
U36,291,4.4
U36,882,3.4
U37,125,4.7
U37,970,3.1
U37,945,4.9
U37,642,4.2
U37,79,4.0
U37,155,3.4
U37,599,3.9
U37,365,4.3
U37,764,5.0
U37,169,3.6
U37,181,4.4
U37,977,4.4
U37,406,3.9
U37,499,4.8
U37,900,3.3
U37,965,5.0
U37,433,3.6
U37,20,5.0
U37,144,5.0
U37,854,5.0
U37,590,3.7
U37,774,3.3
U37,681,2.7
U37,632,4.5
U37,178,4.8
U37,543,3.0
U37,143,4.7
U37,524,2.6
U37,533,3.1
U37,737,4.7
U37,891,3.4
U37,731,4.5
U37,401,3.9
U37,75,3.2
U37,775,4.4
U37,573,3.5
U37,46,2.8
U37,179,3.5
U38,138,3.1
U38,932,3.0
U38,402,2.9
U38,127,3.8
U38,919,4.6
U38,785,4.2
U38,346,3.2
U38,63,5.0
U38,894,4.4
U38,887,4.8
U38,815,4.5
U38,439,4.2
U38,461,5.0
U38,526,5.0
U38,915,1.0
U38,829,4.2
U38,360,5.0
U38,963,3.4
U38,837,1.9
U38,560,3.4
U38,758,4.0
U38,646,5.0
U38,472,5.0
U38,220,2.9
U38,106,4.2
U38,779,3.3
U38,705,3.4
U38,853,4.7
U38,355,3.7
U38,848,4.3
U38,909,3.6
U38,283,3.5
U38,687,5.0
U38,8,4.1
U38,294,3.7
U38,538,5.0
U38,48,4.7
U38,148,4.5
U38,757,3.2
U38,474,3.7
U38,175,2.3
U38,312,3.1
U38,521,2.8
U38,206,4.2
U38,126,1.9
U38,964,3.9
U38,626,3.3
U38,262,3.9
U38,833,3.1
U39,187,4.4
U39,314,3.1
U39,542,3.8
U39,896,2.7
U39,950,3.1
U39,23,3.4
U39,31,2.2
U39,369,4.4
U39,934,3.4
U39,529,4.6
U39,182,3.6
U39,301,5.0
U39,502,3.6
U39,791,4.2
U39,993,4.4
U39,487,5.0
U39,779,4.9
U39,772,1.8
U39,878,4.8
U39,312,4.9
U39,8,4.5
U39,108,5.0
U39,46,4.4
U39,615,5.0
U39,652,5.0
U39,921,2.5
U39,624,3.5
U39,16,3.6
U39,773,4.8
U39,846,3.4
U39,402,3.3
U39,880,4.2
U39,373,5.0
U39,685,3.2
U39,20,4.4
U39,988,4.0
U39,167,3.5
U39,380,4.7
U39,128,3.8
U39,858,3.7
U39,698,3.5
U39,895,3.6
U39,376,4.0
U39,385,3.5
U39,686,4.2
U39,793,4.1
U39,716,3.5
U40,627,3.7
U40,194,3.2
U40,210,4.1
U40,263,3.2
U40,519,4.6
U40,37,2.5
U40,433,4.0
U40,216,3.8
U40,195,3.5
U40,683,2.3
U40,621,2.7
U40,776,2.9
U40,434,4.0
U40,10,4.9
U40,280,2.7
U40,183,2.6
U40,411,4.9
U40,120,5.0
U40,379,5.0
U40,834,4.3
U40,737,4.2
U40,45,3.5
U40,694,4.4
U40,259,2.5
U40,146,2.5
U40,115,3.3
U40,18,5.0
U40,353,3.5
U41,518,3.2
U41,812,3.0
U41,994,3.4
U41,604,2.8
U41,324,4.9
U41,821,3.4
U41,279,3.5
U41,685,4.4
U41,516,2.9
U41,116,3.9
U41,277,3.8
U41,510,3.5
U41,823,4.0
U41,737,3.9
U41,487,3.4
U41,756,5.0
U41,286,4.7
U41,237,3.5
U41,810,2.9
U41,1016,3.8
U42,102,3.1
U42,208,3.7
U42,694,3.8
U42,11,4.0
U42,429,1.8
U42,741,5.0
U42,560,3.8
U42,221,4.4
U42,726,2.7
U42,536,4.5
U42,372,3.8
U42,711,1.4
U42,91,3.8
U42,396,2.7
U42,754,4.4
U42,444,5.0
U42,709,4.6
U42,566,4.6
U42,111,5.0
U42,466,2.8
U42,268,4.0
U42,244,4.1
U42,390,4.0
U42,542,3.8
U42,697,4.4
U42,56,4.1
U42,677,3.4
U42,869,2.5
U42,861,3.6
U42,946,2.3
U42,325,5.0
U42,299,3.8
U42,468,4.4
U42,48,3.7
U42,382,2.9
U42,790,2.8
U42,959,2.4
U42,224,4.9
U42,589,3.0
U42,608,3.4
U42,29,2.9
U42,763,2.9
U42,64,2.6
U42,234,3.5
U42,570,3.8
U42,640,5.0
U42,161,3.7
U42,643,1.8
U42,890,3.8
U42,558,1.1
U42,373,2.2
U42,282,3.3
U42,93,3.4
U42,286,4.3
U43,876,5.0
U43,736,3.2
U43,64,2.2
U43,128,4.2
U43,259,4.5
U43,649,5.0
U43,342,3.7
U43,334,4.9
U43,950,2.6
U43,314,2.6
U43,808,4.4
U43,828,3.5
U43,175,4.8
U43,994,3.5
U43,237,4.7
U43,204,4.1
U43,132,3.6
U43,901,3.3
U43,520,3.9
U43,488,4.5
U43,838,3.8
U43,817,5.0
U43,517,4.3
U43,35,3.9
U43,785,4.8
U43,840,2.5
U43,778,3.5
U43,407,4.1
U43,682,4.4
U43,637,2.6
U43,261,4.4
U43,341,1.7
U43,743,5.0
U43,957,3.1
U43,562,2.5
U43,315,5.0
U43,323,2.6
U43,100,3.5
U43,425,3.2
U43,761,3.0
U43,844,4.3
U43,902,3.3
U43,465,4.2
U43,800,2.1
U43,154,5.0
U43,83,5.0
U44,844,3.6
U44,335,4.6
U44,477,4.1
U44,594,4.8
U44,209,4.4
U44,328,5.0
U44,313,3.6
U44,554,3.5
U44,208,3.2
U44,517,3.3
U44,937,4.1
U44,312,2.6
U44,390,3.2
U44,103,4.0
U44,504,2.7
U44,239,3.0
U44,820,4.3
U44,283,3.3
U44,725,3.8
U44,875,4.7
U44,968,5.0
U44,561,4.0
U44,822,3.7
U44,869,5.0
U44,110,4.5
U44,889,3.6
U44,914,3.1
U44,381,3.9
U44,238,3.8
U44,48,3.6
U44,564,5.0
U45,225,3.1
U45,613,4.0
U45,668,4.8
U45,201,4.0
U45,37,2.9
U45,223,3.5
U45,459,3.2
U45,789,5.0
U45,197,3.8
U45,87,3.1
U45,351,3.3
U45,318,5.0
U45,288,3.4
U45,619,3.4
U45,551,4.4
U45,767,3.6
U45,842,4.2
U45,558,2.0
U45,413,2.8
U45,97,4.8
U45,208,3.8
U45,485,2.9
U45,611,3.9
U45,809,4.4
U45,387,2.0
U45,157,4.8
U45,254,2.4
U45,450,4.0
U45,670,3.4
U45,55,4.3
U45,120,3.7
U45,255,2.0
U45,133,4.4
U45,875,3.4
U45,796,4.9
U45,974,4.2
U45,372,5.0
U45,989,1.8
U45,539,4.3
U45,617,3.8
U45,375,4.8
U45,686,4.4
U46,606,3.6
U46,436,3.6
U46,449,3.4
U46,800,3.2
U46,175,4.0
U46,766,2.5
U46,394,2.7
U46,383,4.1
U46,954,4.0
U46,797,3.7
U46,9,2.8
U46,583,2.3
U46,296,3.2
U46,166,2.1
U46,899,3.4
U46,524,3.1
U46,816,4.6
U46,558,3.5
U46,809,3.0
U46,598,3.9
U46,927,3.8
U46,514,3.7
U46,957,3.1
U46,549,5.0
U46,811,2.4
U46,244,2.5
U46,570,1.7
U46,29,3.6
U46,43,3.4
U46,986,2.5
U46,146,3.2
U46,609,3.4
U46,580,3.8
U46,671,3.5
U46,308,4.7
U46,189,4.5
U46,109,2.4
U46,421,3.4
U46,418,4.5
U46,164,3.5
U46,243,4.4
U46,448,3.0
U46,861,2.9
U46,553,2.8
U46,63,1.1
U46,751,2.9
U46,472,3.3
U46,795,5.0
U46,282,4.5
U46,338,2.7
U46,890,3.1
U46,735,3.4
U46,59,5.0
U46,5,4.2
U46,661,2.8
U46,434,4.2
U47,548,3.6
U47,502,5.0
U47,846,3.4
U47,621,2.6
U47,70,2.4
U47,771,2.7
U47,172,3.0
U47,26,2.4
U47,394,3.3
U47,238,4.7
U47,627,3.5
U47,522,2.9
U47,129,4.9
U47,421,4.1
U47,568,4.2
U47,227,4.1
U47,815,3.9
U47,755,3.2
U47,154,4.0
U47,506,4.0
U47,328,5.0
U47,118,4.5
U47,364,3.5
U47,429,4.0
U47,449,3.4
U47,602,4.1
U47,683,4.9
U47,51,2.0
U47,734,4.7
U47,404,3.5
U47,516,5.0
U47,638,3.2
U47,371,3.4
U47,758,4.2
U47,517,3.0
U47,837,4.0
U47,588,3.0
U47,12,3.8
U47,378,4.7
U47,32,4.3
U47,392,4.1
U47,479,3.5
U47,446,3.8
U47,723,4.6
U47,761,3.7
U47,341,5.0
U47,564,3.7
U47,30,4.0
U47,664,2.7
U47,185,4.3
U47,958,2.7
U47,442,4.3
U47,954,2.0
U47,778,5.0
U47,236,2.6
U47,728,4.5
U47,692,4.4
U48,868,4.8
U48,3,3.3
U48,402,5.0
U48,892,2.7
U48,279,3.3
U48,988,4.7
U48,414,3.9
U48,129,4.5
U48,379,3.8
U48,915,4.3
U48,887,3.6
U48,800,4.4
U48,987,4.4
U48,228,4.7
U48,635,3.7
U48,353,4.2
U48,267,2.9
U48,113,4.0
U48,446,4.0
U48,475,4.5
U48,9,3.3
U48,941,2.8
U48,784,3.3
U48,293,4.1
U48,36,4.6
U48,820,4.5
U48,5,4.1
U48,431,4.2
U48,15,2.9
U48,631,4.7
U48,314,4.1
U48,542,2.5
U48,634,5.0
U48,581,4.3
U48,706,4.4
U48,140,3.9
U48,790,3.5
U48,115,3.9
U48,722,2.5
U48,334,3.5
U48,921,3.1
U48,218,3.4
U48,312,3.9
U48,381,3.3
U48,390,4.4
U48,540,2.8
U48,657,4.8
U48,929,5.0
U48,434,3.2
U48,842,3.8
U48,689,3.3
U48,442,4.1
U48,883,3.5
U48,692,2.2
U49,815,4.9
U49,715,2.2
U49,422,2.9
U49,357,3.6
U49,587,2.8
U49,419,3.9
U49,535,4.2
U49,179,3.2
U49,918,3.2
U49,525,3.9
U49,171,4.6
U49,646,1.2
U49,280,4.0
U49,892,2.6
U49,42,4.7
U49,484,3.4
U49,765,3.9
U49,515,3.7
U49,799,4.1
U49,352,4.8
U49,789,2.5
U49,271,2.8
U49,296,3.8
U50,358,4.5
U50,21,3.9
U50,409,3.9
U50,557,3.3
U50,861,3.5
U50,214,3.2
U50,121,4.1
U50,29,2.7
U50,93,4.5
U50,410,4.5
U50,39,3.1
U50,249,2.7
U50,556,4.0
U50,964,3.7
U50,762,3.7
U50,768,2.7
U50,454,4.5
U50,400,5.0
U50,1006,4.1
U50,22,3.9
U50,194,3.0
U50,701,4.3
U50,540,4.0
U50,814,4.1
U50,681,4.2
U50,444,2.3
U50,252,4.3
U50,465,4.3
U50,378,1.2
U50,801,4.0
U50,949,3.9
U50,984,3.5
U51,344,3.3
U51,438,3.9
U51,680,2.9
U51,398,5.0
U51,310,4.3
U51,831,3.2
U51,230,2.2
U51,220,4.5
U51,938,2.5
U51,699,2.8
U51,407,4.9
U51,628,4.3
U51,884,3.9
U51,28,4.0
U51,11,2.9
U51,8,3.0
U51,1000,3.2
U51,143,5.0
U51,51,3.0
U51,68,2.8
U51,639,3.4
U51,184,2.4
U51,991,4.9
U51,804,3.7
U51,734,4.2
U51,658,2.1
U51,620,2.4
U51,692,2.3
U51,632,4.3
U51,200,4.4
U51,974,5.0
U51,865,4.1
U51,947,2.8
U51,23,4.0
U51,454,3.9
U51,509,4.5
U51,148,3.3
U51,1006,4.3
U51,806,2.0
U51,140,2.8
U51,170,4.3
U51,473,3.8
U51,571,5.0
U51,901,5.0
U51,20,2.2
U52,537,4.0
U52,999,4.5
U52,143,4.4
U52,265,4.1
U52,144,3.3
U52,1003,1.8
U52,746,3.7
U52,332,4.8
U52,29,2.7
U52,496,3.1
U52,568,4.1
U52,309,5.0
U52,73,4.7
U52,883,2.8
U52,497,4.4
U52,793,4.3
U52,599,4.6
U52,527,4.0
U52,502,3.2
U52,107,5.0
U52,980,3.7
U52,46,3.6
U52,976,2.6
U52,196,2.9
U52,615,3.2
U52,62,1.2
U52,233,5.0
U52,558,4.7
U52,57,2.8
U52,801,4.3
U52,213,2.8
U52,962,4.7
U52,371,5.0
U52,736,4.3
U52,960,2.9
U52,256,4.5
U52,970,3.7
U52,151,5.0
U52,553,3.6
U52,190,4.2
U52,388,3.9
U52,284,2.7
U52,750,3.7
U52,54,4.4
U52,1008,5.0
U52,14,4.6
U52,630,5.0
U52,589,2.7
U52,500,4.4
U52,804,4.5
U52,169,4.9
U52,636,4.4
U52,917,3.5
U52,945,4.0
U52,1009,4.8
U52,146,2.8
U53,442,4.1
U53,683,4.6
U53,921,2.4
U53,298,2.9
U53,159,3.4
U53,882,4.1
U53,904,5.0
U53,62,4.7
U53,507,4.2
U53,542,2.2
U53,1008,3.4
U53,947,5.0
U53,21,3.7
U53,82,4.4
U53,130,3.5
U53,959,3.6
U53,443,2.8
U53,185,1.8
U53,673,3.6
U53,227,4.1
U53,578,4.1
U53,446,5.0
U53,520,5.0
U53,20,3.8
U53,120,3.1
U53,669,3.2
U53,862,4.2
U53,739,3.2
U53,635,3.2
U53,455,3.8
U53,590,3.2
U54,756,2.9
U54,166,3.0
U54,102,1.8
U54,843,2.3
U54,310,4.9
U54,912,4.9
U54,376,4.4
U54,489,2.2
U54,253,4.6
U54,974,4.6
U54,309,2.9
U54,222,5.0
U54,575,4.8
U54,595,3.7
U54,999,5.0
U54,148,3.6
U54,848,4.3
U54,359,4.4
U54,454,2.9
U54,810,2.8
U54,313,5.0
U54,254,4.1
U54,301,2.8
U54,884,3.3
U54,559,3.3
U54,887,5.0
U54,982,3.8
U54,430,4.8
U54,81,3.0
U54,821,4.6
U54,892,4.5
U54,812,3.4
U54,1008,3.3
U54,18,3.6
U54,43,4.1
U55,49,4.7
U55,48,3.7
U55,31,3.5
U55,66,1.5
U55,122,3.5
U55,417,4.1
U55,795,2.9
U55,687,3.3
U55,762,3.3
U55,622,3.9
U55,402,3.5
U55,86,2.7
U55,375,3.0
U55,557,3.0
U55,506,3.8
U55,160,3.3
U55,908,4.0
U55,1017,4.0
U55,1013,1.9
U55,746,2.9
U55,729,2.3
U55,678,3.6
U55,339,4.7
U55,719,3.1
U55,859,4.1
U55,489,3.1
U55,172,4.1
U55,1016,4.9
U55,124,2.0
U55,1009,2.9
U55,73,4.9
U55,895,5.0
U55,780,2.3
U55,319,4.2
U55,196,4.4
U55,259,3.9
U55,841,3.9
U55,501,4.3
U56,609,2.6
U56,886,4.1
U56,855,3.1
U56,571,4.1
U56,792,3.8
U56,1004,3.6
U56,420,4.4
U56,876,4.2
U56,1011,4.4
U56,969,4.0
U56,214,2.9
U56,941,2.1
U56,473,4.9
U56,269,3.0
U56,865,3.0
U56,67,3.5
U56,112,1.9
U56,364,4.8
U56,1019,2.9
U56,741,3.2
U56,623,5.0
U56,1005,4.0
U56,23,4.1
U56,482,3.7
U56,621,4.4
U57,530,2.9
U57,194,3.7
U57,320,3.3
U57,257,5.0
U57,916,4.4
U57,705,4.6
U57,81,4.6
U57,137,2.5
U57,448,3.4
U57,479,3.2
U57,528,3.8
U57,801,3.9
U57,19,1.8
U57,829,4.8
U57,374,2.6
U57,236,4.0
U57,559,5.0
U57,348,5.0
U57,765,3.6
U57,147,2.5
U57,687,2.3
U57,861,4.2
U57,661,3.0
U57,561,4.8
U57,478,5.0
U57,134,4.6
U57,763,1.9
U57,204,3.8
U58,364,3.0
U58,992,4.1
U58,455,3.8
U58,383,3.4
U58,620,3.4
U58,619,3.8
U58,659,3.4
U58,731,2.8
U58,514,4.7
U58,564,3.5
U58,232,5.0
U58,13,3.7
U58,880,2.2
U58,277,4.5
U58,41,1.8
U58,788,4.0
U58,572,4.2
U58,713,2.0
U58,405,3.0
U58,225,3.4
U58,533,2.9
U58,188,3.7
U58,550,3.2
U58,174,3.2
U58,598,4.5
U58,611,4.5
U58,454,4.3
U58,275,2.4
U58,99,2.7
U58,834,4.6
U58,460,4.8
U58,439,3.7
U58,795,5.0
U58,235,5.0
U58,869,4.8
U58,241,4.9
U58,873,4.6
U58,632,2.8
U58,469,5.0
U58,888,3.1
U58,917,3.6
U58,120,3.7
U58,606,3.2
U58,778,5.0
U58,587,5.0
U58,398,3.9
U58,758,3.7
U58,395,3.3
U58,144,4.0
U58,822,3.3
U58,729,2.5
U58,984,4.2
U58,501,1.9
U59,785,4.6
U59,259,3.4
U59,283,3.6
U59,836,4.1
U59,60,3.7
U59,325,4.9
U59,425,3.4
U59,10,3.8
U59,298,5.0
U59,88,2.2
U59,840,4.3
U59,74,3.4
U59,252,3.2
U59,277,3.1
U59,697,2.2
U59,418,3.9
U59,551,3.2
U59,349,3.5
U59,64,4.3
U59,159,5.0
U59,504,3.5
U59,339,4.9
U59,424,4.1
U59,710,4.9
U59,914,3.9
U59,654,4.6
U59,986,3.3
U59,618,3.5
U59,392,4.4
U59,278,5.0
U59,924,4.8
U59,862,3.8
U60,99,4.8
U60,383,3.7
U60,129,4.8
U60,101,3.3
U60,645,3.2
U60,813,4.1
U60,629,5.0
U60,64,1.2
U60,967,4.4
U60,237,2.8
U60,459,1.8
U60,314,3.5
U60,240,4.6
U60,931,3.4
U60,480,4.4
U60,303,3.8
U60,517,5.0
U60,507,3.6
U60,88,4.3
U60,728,3.8
U60,880,3.0
U60,18,4.1
U60,320,5.0
U60,865,3.6
U60,219,4.5
U60,674,4.2
U60,114,3.8
U60,893,3.7
U60,121,4.6
U60,463,3.1
U60,279,3.9
U60,146,5.0
U60,860,2.9
U60,783,3.8
U60,497,3.1
U60,58,3.0
U60,819,4.0
U60,23,5.0
U60,78,3.0
U60,772,4.0
U60,335,4.4
U60,579,3.3
U60,110,3.9
U60,1000,3.8
U60,640,4.7
U60,955,4.0
U60,1005,4.4
U60,216,3.5
U60,170,5.0
U60,561,3.3
U60,688,4.0
U60,435,3.2
U60,485,3.0
U60,929,2.4
U60,214,3.3
U61,197,2.7
U61,321,4.6
U61,91,4.1
U61,892,3.6
U61,966,3.3
U61,767,3.1
U61,788,4.5
U61,439,2.4
U61,469,3.0
U61,650,5.0
U61,638,3.5
U61,319,3.6
U61,396,3.4
U61,226,1.8
U61,864,4.9
U61,647,2.4
U61,908,4.2
U61,357,3.8
U61,281,3.9
U61,77,4.0
U61,551,4.5
U61,993,3.9
U61,418,3.7
U61,523,5.0
U61,57,3.4
U61,818,5.0
U61,893,4.8
U61,779,4.0
U61,748,2.7
U61,897,5.0
U61,378,2.9
U62,40,4.6
U62,513,3.8
U62,720,3.8
U62,908,2.8
U62,593,4.1
U62,719,4.9
U62,760,3.6
U62,360,3.9
U62,308,3.4
U62,251,5.0
U62,484,3.4
U62,589,4.3
U62,747,3.7
U62,46,3.2
U62,900,5.0
U62,311,2.5
U62,967,4.3
U62,416,3.9
U62,860,2.3
U62,166,4.2
U62,1018,3.3
U62,125,4.1
U62,206,1.9
U62,219,1.6
U62,794,1.9
U62,30,3.8
U62,136,5.0
U62,935,3.9
U62,405,4.4
U62,372,3.0
U62,121,2.9
U62,394,4.2
U62,288,3.6
U62,708,3.8
U62,631,3.3
U62,884,3.7
U62,842,4.0
U62,285,5.0
U62,265,3.6
U62,836,2.6
U62,528,1.9
U62,489,3.6
U62,464,3.4
U62,4,4.3
U62,329,4.2
U62,642,4.4
U62,782,3.7
U62,160,3.2
U62,894,5.0
U62,652,3.8
U62,76,4.3
U62,317,4.6
U62,658,5.0
U62,140,3.1
U62,801,4.0
U62,813,3.0
U63,167,3.4
U63,487,3.9
U63,897,4.1
U63,320,4.5
U63,570,3.7
U63,710,3.8
U63,1009,4.3
U63,925,3.8
U63,708,3.4
U63,497,5.0
U63,253,4.0
U63,967,3.5
U63,441,3.7
U63,611,4.7
U63,96,3.2
U63,210,3.1
U63,952,3.9
U63,500,3.0
U63,174,2.7
U63,268,4.3
U63,184,5.0
U63,67,4.0
U63,163,4.1
U63,548,3.1
U63,296,3.1
U63,843,4.3
U63,755,1.0
U63,577,3.1
U63,697,3.6
U63,434,4.0
U63,482,4.2
U63,579,3.8
U63,61,2.4
U63,607,3.7
U63,868,4.4
U63,24,4.3
U63,580,4.3
U63,554,3.3
U63,17,4.0
U63,964,4.7
U63,583,1.0
U63,991,2.8
U63,51,3.6
U63,392,2.7
U63,541,4.5
U63,655,3.3
U63,830,3.5
U63,841,2.3
U63,326,4.8
U63,468,3.6
U63,476,4.5
U64,99,2.5
U64,511,3.1
U64,296,4.3
U64,898,4.4
U64,407,3.3
U64,485,3.5
U64,433,2.9
U64,68,1.8
U64,153,2.9
U64,792,2.9
U64,860,5.0
U64,745,4.1
U64,211,4.1
U64,444,4.9
U64,88,3.3
U64,957,4.3
U64,369,4.3
U64,186,3.1
U64,908,3.7
U64,647,4.3
U65,751,3.0
U65,926,5.0
U65,394,4.5
U65,446,4.1
U65,64,2.4
U65,720,4.9
U65,52,3.8
U65,954,3.0
U65,863,3.7
U65,653,4.0
U65,994,4.8
U65,155,1.4
U65,913,3.3
U65,873,2.6
U65,353,4.2
U65,221,3.7
U65,163,3.7
U65,37,3.2
U65,752,3.2
U65,28,3.8
U65,421,4.0
U65,109,5.0
U65,740,2.0
U65,16,3.7
U65,780,2.2
U65,461,2.6
U65,236,4.2
U65,682,4.1
U65,190,4.1
U65,425,4.9
U65,125,4.6
U65,879,3.7
U65,199,3.0
U65,436,3.6
U65,103,3.6
U65,738,5.0
U65,615,3.8
U65,121,4.0
U65,599,2.6
U65,201,3.3
U65,18,5.0
U66,996,3.1
U66,599,5.0
U66,912,4.2
U66,445,3.7
U66,782,2.4
U66,324,4.5
U66,258,3.9
U66,353,5.0
U66,156,4.1
U66,307,3.7
U66,811,3.1
U66,1007,4.0
U66,739,3.1
U66,1008,4.0
U66,547,4.0
U66,352,2.7
U66,396,4.4
U66,717,4.8
U66,93,3.4
U66,212,4.1
U66,608,3.1
U66,498,5.0
U66,84,5.0
U66,340,4.4
U66,904,3.0
U66,629,4.9
U66,410,4.8
U66,554,3.7
U66,439,2.7
U67,15,4.7
U67,757,4.3
U67,999,3.1
U67,778,3.6
U67,577,4.3
U67,20,3.6
U67,755,4.2
U67,760,5.0
U67,347,3.8
U67,861,3.9
U67,168,3.8
U67,9,4.1
U67,121,4.3
U67,141,3.6
U67,576,3.6
U67,76,4.7
U67,400,4.2
U67,579,4.2
U67,765,3.7
U67,997,2.3
U67,508,3.9
U67,943,4.6
U67,1001,4.7
U68,929,3.8
U68,182,5.0
U68,541,4.2
U68,364,3.8
U68,140,3.7
U68,383,4.4
U68,479,3.0
U68,154,3.7
U68,977,3.0
U68,733,3.9
U68,582,3.5
U68,72,3.9
U68,320,3.2
U68,358,3.5
U68,151,4.4
U68,329,3.7
U68,539,5.0
U68,758,3.2
U68,546,4.9
U68,414,4.8
U68,548,4.2
U68,33,3.8
U68,346,2.4
U68,63,3.5
U68,1,3.3
U68,442,5.0
U68,473,3.5
U68,413,4.5
U68,981,4.6
U69,228,4.4
U69,1015,3.8
U69,33,4.4
U69,170,2.9
U69,6,3.7
U69,723,5.0
U69,934,4.8
U69,447,2.6
U69,872,3.7
U69,919,3.1
U69,821,2.4
U69,256,4.0
U69,303,3.4
U69,356,4.4
U69,317,4.2
U69,497,4.9
U69,257,3.2
U69,687,4.2
U69,807,5.0
U69,58,3.1
U69,77,4.0
U69,768,4.1
U69,757,4.2
U69,611,3.7
U69,416,4.1
U69,462,5.0
U70,513,3.9
U70,295,4.4
U70,963,3.5
U70,704,2.9
U70,573,5.0
U70,162,5.0
U70,815,3.5
U70,256,3.9
U70,968,4.2
U70,852,3.8
U70,537,3.5
U70,565,4.8
U70,602,4.1
U70,270,3.5
U70,116,3.8
U70,520,3.5
U70,467,5.0
U70,206,4.9
U70,368,3.8
U70,184,4.6
U70,810,4.1
U70,976,3.2
U70,428,4.9
U70,3,4.6
U70,70,3.9
U70,212,4.7
U70,792,4.3
U70,648,3.0
U70,713,2.6
U70,558,3.8
U70,109,4.7
U70,431,2.0
U70,529,4.3
U70,600,3.6
U70,518,3.4
U70,338,2.4
U70,502,3.3
U70,200,5.0
U70,398,2.9
U70,447,4.1
U70,894,3.9
U70,316,4.5
U70,634,4.2
U70,277,4.4
U70,781,2.8
U70,721,2.0
U70,312,4.5
U70,130,2.9
U70,776,4.7
U70,605,4.3
U70,519,4.5
U70,283,5.0
U70,880,2.9
U70,37,2.9
U70,353,3.1
U70,972,5.0
U70,653,4.7
U70,791,2.5
U70,416,3.4
U70,73,5.0
U71,229,5.0
U71,485,2.8
U71,341,5.0
U71,403,1.5
U71,194,4.1
U71,528,4.4
U71,794,4.5
U71,270,4.1
U71,539,1.6
U71,563,4.0
U71,83,4.8
U71,522,3.7
U71,698,4.1
U71,155,4.2
U71,905,3.1
U71,553,5.0
U71,661,4.0
U71,496,3.6
U71,639,4.1
U71,188,3.3
U71,308,3.0
U71,493,3.9
U71,558,3.8
U71,300,2.8
U71,633,3.4
U71,416,4.2
U71,790,5.0
U71,868,5.0
U71,993,3.5
U71,614,3.2
U71,577,2.9
U71,429,3.4
U71,755,2.9
U71,51,3.0
U71,420,3.4
U71,44,4.0
U71,75,3.4
U71,238,5.0
U71,1012,4.4
U71,200,5.0
U71,846,3.8
U71,645,2.6
U71,807,5.0
U71,195,2.6
U71,241,3.7
U71,944,3.5
U71,246,4.1
U72,685,3.8
U72,201,4.5
U72,173,3.7
U72,245,2.1
U72,366,2.9
U72,298,3.4
U72,774,4.4
U72,4,3.6
U72,853,4.0
U72,154,3.7
U72,182,4.0
U72,17,3.0
U72,119,3.0
U72,360,4.5
U72,624,3.1
U72,61,4.2
U72,198,3.4
U72,909,2.7
U72,811,2.4
U72,528,2.2
U72,546,3.1
U72,604,5.0
U72,32,4.4
U72,308,2.4
U72,814,4.1
U72,223,4.4
U72,210,3.4
U72,842,3.4
U72,702,4.4
U72,436,3.5
U72,445,4.5
U72,806,3.3
U72,504,5.0
U72,616,4.1
U72,699,5.0
U72,55,3.5
U72,109,4.9
U72,871,5.0
U72,56,3.1
U73,647,3.9
U73,1016,4.0
U73,952,3.1
U73,625,3.2
U73,644,3.7
U73,993,4.0
U73,852,2.6
U73,200,2.3
U73,796,5.0
U73,323,4.1
U73,352,4.3
U73,339,3.2
U73,815,3.8
U73,419,4.5
U73,337,4.2
U73,522,4.3
U73,584,4.3
U73,564,2.5
U73,455,5.0
U73,66,3.0
U73,205,4.4
U73,868,5.0
U73,723,4.5
U73,114,3.7
U73,990,4.2
U73,891,3.8
U73,44,3.0
U73,629,4.1
U74,46,5.0
U74,633,2.1
U74,860,3.5
U74,67,3.5
U74,439,3.4
U74,429,4.6
U74,679,3.3
U74,881,4.1
U74,649,4.5
U74,328,3.8
U74,710,4.1
U74,144,3.5
U74,286,4.3
U74,7,2.5
U74,73,3.4
U74,235,2.3
U74,686,3.3
U74,763,5.0
U74,618,3.9
U74,265,2.4
U74,776,4.0
U74,796,5.0
U74,456,3.1
U74,596,5.0
U75,442,4.5
U75,550,2.7
U75,474,4.1
U75,717,3.7
U75,450,3.6
U75,530,2.6
U75,306,3.1
U75,877,3.7
U75,631,3.5
U75,697,4.3
U75,277,3.5
U75,920,3.7
U75,282,3.1
U75,781,4.3
U75,275,3.5
U75,73,4.6
U75,203,3.8
U75,882,3.0
U75,193,4.2
U75,491,2.9
U75,885,2.4
U75,506,3.9
U75,519,5.0
U75,927,3.8
U75,738,3.3
U75,713,5.0
U75,250,2.8
U75,296,4.0
U75,993,4.9
U76,30,4.3
U76,436,3.8
U76,297,4.0
U76,684,5.0
U76,702,2.4
U76,853,4.0
U76,889,4.9
U76,772,2.4
U76,650,3.9
U76,692,4.8
U76,516,4.5
U76,440,4.2
U76,517,4.0
U76,864,3.3
U76,405,2.6
U76,464,3.3
U76,102,4.0
U76,698,4.4
U76,60,4.2
U76,499,5.0
U76,605,2.1
U76,32,2.4
U76,184,2.8
U76,940,3.3
U76,981,4.1
U76,818,4.0
U76,477,3.1
U76,571,3.7
U76,859,4.7
U76,38,4.6
U76,573,3.0
U76,141,3.0
U76,704,3.1
U76,309,2.5
U76,808,4.9
U76,607,4.3
U76,251,4.1
U76,646,3.5
U76,524,2.4
U76,665,2.6
U76,308,4.2
U76,20,4.2
U76,307,3.8
U76,641,4.3
U76,348,3.6
U76,337,3.0
U76,602,4.1
U76,997,3.4
U76,511,3.2
U76,965,3.3
U76,731,5.0
U76,53,4.6
U76,140,3.2
U76,811,3.6
U76,438,3.5
U76,425,5.0
U77,541,3.4
U77,815,2.5
U77,476,2.6
U77,526,3.9
U77,448,5.0
U77,245,4.7
U77,837,3.6
U77,465,3.1
U77,1018,3.2
U77,800,4.5
U77,668,4.7
U77,358,3.7
U77,281,4.2
U77,1015,3.0
U77,709,3.5
U77,696,3.7
U77,300,3.7
U77,784,1.3
U77,327,3.9
U77,115,3.0
U77,493,3.9
U77,86,2.7
U77,935,2.4
U77,504,3.7
U77,185,3.3
U77,260,3.9
U77,49,3.5
U77,959,5.0
U77,1,4.1
U77,360,3.8
U77,915,4.1
U77,723,3.8
U77,603,2.3
U77,344,3.5
U77,840,3.9
U77,802,3.2
U77,434,4.4
U77,495,4.2
U77,920,4.0
U77,57,4.4
U77,16,3.0
U77,266,4.0
U77,757,2.5
U77,898,5.0
U77,289,3.0
U77,143,4.9
U77,763,3.8
U77,174,3.1
U77,290,4.3
U77,397,2.9
U77,140,2.6
U77,184,3.7
U77,648,2.2
U77,98,4.4
U77,423,3.8
U77,286,2.6
U78,254,3.7
U78,470,4.3
U78,356,5.0
U78,803,4.7
U78,843,5.0
U78,363,2.7
U78,368,3.2
U78,309,4.3
U78,95,2.4
U78,517,3.3
U78,96,4.6
U78,565,4.1
U78,434,3.8
U78,374,5.0
U78,889,4.7
U78,624,2.9
U78,550,3.8
U78,997,3.7
U78,1015,4.9
U78,552,3.5
U78,841,4.7
U78,1001,1.6
U78,631,4.5
U78,808,2.3
U78,153,4.4
U78,298,4.5
U78,116,3.4
U78,268,2.6
U78,608,2.2
U78,961,2.7
U78,262,3.5
U78,58,3.5
U78,245,4.3
U78,128,3.8
U78,868,5.0
U78,612,4.3
U78,25,4.3
U78,954,4.6
U78,854,3.5
U78,204,3.5
U78,577,4.9
U78,830,5.0
U78,765,3.2
U78,12,4.1
U78,828,3.8
U78,283,4.7
U78,705,2.9
U78,995,3.8
U78,665,4.4
U78,459,5.0
U78,500,4.1
U78,643,3.1
U78,44,4.1
U78,279,4.2
U78,779,2.6
U78,398,3.9
U78,794,4.5
U79,273,4.0
U79,561,3.0
U79,673,3.1
U79,574,5.0
U79,1012,3.9
U79,831,2.9
U79,810,2.7
U79,60,5.0
U79,632,5.0
U79,225,5.0
U79,472,3.2
U79,507,3.8
U79,197,2.2
U79,644,3.2
U79,515,3.2
U79,820,4.7
U79,906,3.3
U79,633,4.0
U79,433,4.4
U79,843,3.9
U79,170,3.9
U79,695,3.4
U79,446,3.6
U79,705,3.5
U79,999,5.0
U79,137,3.4
U79,524,3.9
U79,419,3.3
U79,167,5.0
U79,430,1.7
U79,531,3.4
U79,374,3.0
U79,595,3.3
U79,9,2.4
U79,676,3.3
U79,569,2.9
U79,992,2.8
U79,201,3.7
U79,666,3.0
U79,271,4.1
U79,950,3.4
U79,987,4.8
U79,87,3.9
U79,15,4.9
U79,53,2.8
U79,298,3.3
U79,629,2.1
U79,970,5.0
U79,802,4.3
U79,178,4.3
U80,75,4.3
U80,713,3.5
U80,110,3.4
U80,76,3.2
U80,307,3.7
U80,800,4.2
U80,118,2.5
U80,657,3.6
U80,179,4.0
U80,420,3.6
U80,554,3.1
U80,952,1.1
U80,808,1.7
U80,364,4.3
U80,71,4.6
U80,880,3.1
U80,1012,4.5
U80,476,4.6
U80,116,4.1
U80,409,3.2
U80,369,3.7
U80,966,4.0
U80,95,3.0
U80,1001,3.4
U80,699,4.3
U80,145,3.5
U80,451,3.3
U80,1018,3.0
U80,508,4.6
U80,640,3.7
U80,193,4.5
U80,69,4.7
U80,662,3.4
U80,447,3.7
U80,672,3.8
U80,796,3.3
U80,264,4.6
U80,586,2.8
U80,28,4.3
U80,389,3.4
U80,81,4.2
U80,500,4.1
U80,913,4.4
U80,380,4.1
U80,458,2.7
U80,282,3.7
U80,402,5.0
U80,426,4.1
U80,930,3.2
U80,72,5.0
U80,694,5.0
U80,632,4.5
U80,840,3.2
U80,45,3.9
U80,681,4.3
U80,26,4.7
U81,309,3.2
U81,801,4.3
U81,226,4.8
U81,9,4.1
U81,647,2.8
U81,662,2.5
U81,159,2.7
U81,452,4.2
U81,348,3.8
U81,938,3.3
U81,33,4.4
U81,177,3.4
U81,820,3.2
U81,312,3.8
U81,597,3.5
U81,63,3.3
U81,265,4.4
U81,437,3.3
U81,415,5.0
U81,920,2.9
U81,569,4.1
U81,42,2.7
U81,683,5.0
U81,623,4.0
U81,12,4.2
U81,793,2.7
U81,620,5.0
U81,557,3.6
U81,81,4.6
U81,863,5.0
U81,601,5.0
U82,259,3.9
U82,375,5.0
U82,608,3.7
U82,563,4.5
U82,428,2.9
U82,518,2.8
U82,331,4.5
U82,620,3.5
U82,661,3.3
U82,710,4.1
U82,845,4.9
U82,245,3.9
U82,560,4.4
U82,797,5.0
U82,8,3.6
U82,965,2.7
U82,1016,4.2
U82,230,4.5
U82,536,3.6
U82,1018,4.4
U82,329,3.9
U82,672,4.2
U82,386,4.5
U82,528,4.7
U82,821,3.7
U82,683,2.0
U82,126,4.2
U82,716,3.5
U82,333,5.0
U83,539,3.8
U83,966,5.0
U83,220,3.8
U83,375,3.4
U83,751,2.5
U83,1015,4.0
U83,993,4.6
U83,98,3.6
U83,513,4.7
U83,7,3.8
U83,633,4.1
U83,143,4.2
U83,245,3.2
U83,182,4.9
U83,460,5.0
U83,916,2.2
U83,111,3.9
U83,63,2.3
U83,890,4.0
U83,31,4.2
U83,991,3.2
U83,488,4.4
U83,260,3.7
U83,670,3.6
U83,664,3.3
U84,365,4.7
U84,537,2.7
U84,989,5.0
U84,212,2.9
U84,763,5.0
U84,531,3.9
U84,971,2.6
U84,11,2.8
U84,746,2.4
U84,568,5.0
U84,249,4.1
U84,370,3.7
U84,953,3.3
U84,742,5.0
U84,392,2.0
U84,525,2.4
U84,694,4.0
U84,578,5.0
U84,69,4.8
U84,506,2.8
U84,558,4.3
U84,491,3.4
U84,573,3.5
U84,30,3.1
U84,771,4.9
U84,9,4.4
U84,929,3.3
U84,163,3.6
U84,50,5.0
U85,849,4.4
U85,309,4.3
U85,688,4.2
U85,254,4.1
U85,22,5.0
U85,530,3.3
U85,558,4.1
U85,536,3.9
U85,226,3.8
U85,120,3.5
U85,807,5.0
U85,914,2.9
U85,882,3.4
U85,60,3.0
U85,172,5.0
U85,843,4.2
U85,972,3.1
U85,837,2.2
U85,286,2.3
U85,180,4.2
U85,553,3.4
U85,602,2.1
U85,793,3.1
U85,647,3.2
U85,185,2.6
U85,751,3.8
U85,53,3.5
U85,578,4.0
U85,762,3.9
U85,773,5.0
U85,262,3.9
U85,456,2.3
U86,884,4.6
U86,270,2.8
U86,736,3.8
U86,690,2.6
U86,157,3.9
U86,440,3.0
U86,393,2.9
U86,527,2.8
U86,752,3.4
U86,730,4.5
U86,654,2.0
U86,195,3.7
U86,712,3.9
U86,627,3.5
U86,723,4.8
U86,991,4.6
U86,119,4.1
U86,162,3.2
U86,802,3.2
U86,560,2.5
U86,37,4.8
U86,77,2.6
U86,867,3.5
U86,521,3.8
U86,499,4.3
U86,466,4.0
U86,623,4.5
U86,2,3.6
U86,1018,5.0
U86,785,5.0
U86,873,4.7
U86,740,4.1
U86,721,3.3
U86,696,4.1
U86,599,2.7
U86,12,3.4
U86,847,3.5
U86,929,2.9
U86,473,3.3
U86,559,4.8
U86,1013,3.0
U86,383,3.9
U86,410,4.3
U86,240,3.4
U86,268,3.0
U86,433,3.7
U86,595,4.6
U86,224,2.1
U86,962,2.8
U86,581,4.8
U86,208,3.0
U86,579,5.0
U86,146,3.7
U87,816,4.2
U87,975,5.0
U87,250,3.8
U87,71,2.4
U87,623,3.8
U87,28,3.3
U87,232,4.1
U87,577,4.8
U87,134,3.5
U87,441,4.3
U87,479,3.0
U87,518,4.2
U87,755,3.1
U87,354,4.2
U87,787,3.4
U87,55,3.7
U87,239,4.3
U87,611,3.3
U87,135,2.6
U87,610,3.6
U87,748,3.6
U87,886,4.5
U87,76,3.3
U87,421,4.4
U87,193,4.0
U87,511,4.2
U87,223,4.2
U87,725,3.0
U87,152,3.9
U87,770,4.4
U87,259,5.0
U87,26,4.0
U87,397,3.3
U87,841,5.0
U87,635,2.7
U87,395,4.2
U87,663,5.0
U87,47,3.2
U87,533,3.5
U87,196,3.8
U87,731,3.5
U87,817,5.0
U87,768,3.7
U87,556,4.1
U87,434,3.3
U87,784,2.1
U87,178,3.9
U87,322,2.8
U87,433,3.0
U87,494,3.3
U87,244,3.8
U87,452,2.3
U88,462,3.2
U88,147,2.9
U88,807,3.0
U88,98,3.8
U88,489,4.9
U88,121,2.9
U88,35,4.2
U88,384,2.7
U88,107,3.6
U88,456,4.6
U88,726,4.3
U88,904,4.8
U88,1014,4.7
U88,773,2.0
U88,242,4.7
U88,324,4.4
U88,816,3.9
U88,353,4.5
U88,22,3.6
U88,789,3.0
U88,550,5.0
U88,601,2.2
U88,10,3.2
U88,471,3.8
U88,647,5.0
U88,15,3.2
U88,39,4.5
U88,584,5.0
U88,278,4.4
U88,1013,4.8
U88,862,3.4
U88,859,4.6
U88,260,3.2
U88,716,3.7
U88,804,3.6
U88,591,3.8
U88,780,3.2
U88,497,3.3
U88,616,3.9
U88,669,2.6
U88,365,3.9
U88,500,4.3
U88,491,2.0
U88,620,3.9
U88,373,3.8
U88,501,4.0
U88,213,3.5
U89,116,3.8
U89,578,3.0
U89,481,2.6
U89,978,3.9
U89,919,3.2
U89,1009,3.5
U89,22,2.7
U89,917,3.8
U89,256,3.1
U89,538,4.7
U89,451,2.6
U89,787,5.0
U89,521,5.0
U89,61,4.4
U89,835,3.1
U89,423,2.7
U89,29,4.2
U89,46,2.7
U89,623,4.3
U89,9,2.5
U89,752,2.6
U89,289,5.0
U89,856,3.2
U89,322,3.9
U89,78,2.0
U89,586,4.9
U89,874,4.2
U89,520,3.6
U89,934,4.8
U89,889,4.7
U89,210,4.6
U89,18,4.6
U89,687,4.1
U89,407,3.5
U89,415,5.0
U89,573,3.2
U89,10,4.5
U89,253,3.6
U89,664,4.7
U89,429,2.6
U89,748,4.0
U89,718,4.2
U89,15,3.2
U89,478,4.5
U89,460,2.4
U89,991,2.5
U89,869,5.0
U89,788,3.4
U90,900,2.6
U90,144,3.4
U90,455,3.3
U90,627,3.2
U90,796,5.0
U90,769,3.5
U90,672,2.5
U90,490,1.8
U90,220,3.9
U90,497,4.7
U90,930,5.0
U90,447,3.2
U90,146,5.0
U90,919,2.5
U90,958,4.4
U90,14,2.0
U90,836,3.2
U90,251,2.4
U90,391,3.6
U90,420,5.0
U90,401,4.9
U90,267,4.8
U90,352,4.3
U90,79,3.6
U90,417,3.1
U90,18,5.0
U90,551,1.8
U91,699,4.0
U91,260,3.5
U91,225,4.6
U91,23,3.9
U91,438,3.5
U91,355,4.0
U91,423,4.5
U91,607,3.6
U91,644,5.0
U91,52,3.5
U91,339,3.0
U91,156,3.3
U91,356,3.4
U91,197,2.7
U91,329,2.5
U91,74,4.5
U91,135,4.2
U91,660,3.8
U91,582,4.2
U91,979,4.9
U91,654,1.5
U91,34,3.8
U91,274,4.2
U91,751,3.4
U91,183,4.6
U91,511,4.4
U91,764,3.2
U91,500,3.1
U91,335,4.3
U91,510,3.8
U91,203,4.7
U91,624,4.6
U91,942,3.9
U91,800,4.1
U91,854,3.7
U91,171,3.8
U91,465,3.9
U91,554,2.1
U91,441,2.7
U91,14,3.3
U91,974,4.9
U91,838,3.8
U91,548,4.5
U91,1009,4.3
U91,418,3.4
U91,549,4.3
U91,125,3.7
U91,333,3.8
U91,160,4.7
U92,752,3.4
U92,837,3.9
U92,43,4.2
U92,364,3.8
U92,87,4.5
U92,485,3.7
U92,603,4.2
U92,383,4.9
U92,361,3.8
U92,84,4.3
U92,907,3.3
U92,828,3.2
U92,367,3.8
U92,670,4.1
U92,916,2.9
U92,903,3.0
U92,147,3.4
U92,17,3.6
U92,121,2.8
U92,573,4.5
U92,726,2.7
U92,563,3.5
U92,562,3.9
U92,339,4.1
U92,497,5.0
U92,327,3.3
U92,275,4.1
U92,794,4.1
U92,282,4.0
U92,164,3.2
U92,974,5.0
U92,798,5.0
U92,695,4.3
U92,778,2.1
U92,472,3.7
U92,251,3.2
U92,969,4.4
U92,114,3.9
U92,787,2.3
U92,816,3.8
U92,727,3.0
U92,456,3.9
U92,774,2.0
U92,970,4.1
U92,34,3.7
U92,208,3.6
U93,857,3.6
U93,575,4.5
U93,552,4.5
U93,725,5.0
U93,518,4.1
U93,614,3.5
U93,40,4.5
U93,924,4.0
U93,678,4.3
U93,815,2.5
U93,220,3.6
U93,759,3.6
U93,312,3.5
U93,107,3.0
U93,764,3.4
U93,450,4.3
U93,947,2.6
U93,274,5.0
U93,837,3.7
U93,157,5.0
U93,200,5.0
U93,685,2.7
U93,908,1.9
U93,254,2.3
U93,860,2.8
U94,566,4.1
U94,800,4.1
U94,25,2.8
U94,59,3.5
U94,642,3.6
U94,650,3.6
U94,41,3.8
U94,594,2.3
U94,589,4.4
U94,525,3.7
U94,402,2.5
U94,369,3.7
U94,747,5.0
U94,850,3.6
U94,931,4.2
U94,1005,4.3
U94,373,4.4
U94,266,4.1
U94,932,3.1
U94,935,3.9
U94,796,2.8
U94,85,2.9
U94,881,3.5
U94,697,3.2
U94,840,4.6
U94,295,3.2
U94,127,5.0
U94,874,5.0
U94,720,3.7
U94,929,5.0
U94,500,3.7
U94,464,4.9
U94,399,2.8
U94,237,3.7
U94,195,4.0
U94,626,4.5
U94,959,4.1
U94,729,4.2
U94,7,4.2
U94,515,2.6
U94,518,5.0
U94,50,5.0
U94,439,5.0
U94,691,4.2
U94,108,4.2
U94,625,3.9
U94,461,3.3
U94,6,4.8
U94,509,2.3
U95,349,4.4
U95,164,3.9
U95,806,4.7
U95,864,2.8
U95,275,5.0
U95,628,4.0
U95,78,5.0
U95,462,3.0
U95,901,3.2
U95,1,4.1
U95,112,3.3
U95,456,3.9
U95,846,3.0
U95,651,5.0
U95,716,4.1
U95,501,4.3
U95,231,2.1
U95,811,3.4
U95,354,4.7
U95,916,3.6
U95,999,3.5
U95,70,4.5
U95,126,2.7
U95,954,4.2
U95,271,4.9
U95,819,4.6
U95,817,2.5
U95,645,2.7
U95,698,3.0
U95,518,4.3
U95,102,3.4
U95,404,3.0
U95,44,4.8
U95,302,3.3
U95,89,3.0
U95,979,4.7
U95,812,4.2
U96,452,5.0
U96,984,2.5
U96,233,5.0
U96,822,3.8
U96,890,3.0
U96,402,4.0
U96,1018,2.5
U96,50,3.9
U96,650,4.7
U96,906,3.4
U96,256,4.2
U96,35,3.5
U96,269,3.7
U96,517,4.7
U96,420,3.7
U96,872,5.0
U96,1010,2.7
U96,689,2.2
U96,251,4.5
U96,955,4.5
U96,686,3.5
U96,823,2.5
U96,667,2.9
U96,649,4.8
U96,153,4.5
U96,75,3.0
U97,365,3.5
U97,209,4.1
U97,993,4.6
U97,613,3.0
U97,387,3.2
U97,431,5.0
U97,851,4.8
U97,845,2.6
U97,588,3.3
U97,301,3.7
U97,76,2.4
U97,824,3.3
U97,62,3.8
U97,974,2.2
U97,748,4.3
U97,912,3.6
U97,15,2.8
U97,176,3.2
U97,964,4.5
U97,2,4.1
U97,510,4.0
U97,958,4.2
U97,496,2.7
U97,481,5.0
U97,488,3.9
U97,290,4.5
U97,531,5.0
U97,364,2.5
U97,125,2.9
U97,555,4.6
U97,425,4.3
U97,828,2.8
U97,456,3.5
U97,88,5.0
U97,617,1.8
U97,872,3.9
U97,799,3.8
U97,651,2.6
U97,389,3.7
U97,886,2.7
U97,107,2.5
U97,717,3.8
U97,754,3.8
U97,898,4.2
U97,676,3.2
U98,135,3.9
U98,406,3.9
U98,628,5.0
U98,663,4.8
U98,988,2.7
U98,575,4.6
U98,876,4.7
U98,401,2.6
U98,34,5.0
U98,883,3.3
U98,434,3.9
U98,71,2.8
U98,524,5.0
U98,1005,3.7
U98,930,4.5
U98,609,5.0
U98,717,4.2
U98,851,2.2
U98,1008,4.1
U98,450,4.9
U98,27,4.9
U98,226,2.7
U98,4,5.0
U98,58,2.6
U98,123,3.9
U99,725,4.6
U99,112,3.0
U99,547,4.1
U99,299,3.7
U99,473,4.0
U99,469,2.0
U99,36,3.3
U99,167,2.6
U99,494,3.8
U99,360,3.7
U99,294,2.5
U99,311,3.4
U99,664,5.0
U99,812,2.3
U99,181,4.8
U99,472,4.9
U99,432,5.0
U99,962,4.2
U99,623,3.1
U99,481,2.9
U99,458,3.2
U99,522,4.6
U99,550,3.0
U99,544,3.3
U99,603,3.9
U99,589,4.2
U99,770,3.9
U99,431,3.6
U99,484,4.4
U99,448,4.3
U99,966,4.3
U99,956,5.0
U99,401,3.9
U99,385,3.6
U99,115,3.2
U99,324,3.4
U99,228,5.0
U99,851,4.4
U99,395,3.7
U99,804,2.4
U99,592,4.9
U99,147,3.6
U99,110,3.4
U99,493,5.0
U99,981,4.1
U99,19,4.5
U99,241,2.9
U99,507,3.1
U99,163,3.5
U99,929,3.6
U99,627,3.8
U100,704,3.6
U100,227,3.9
U100,993,4.1
U100,706,2.9
U100,621,4.1
U100,412,3.9
U100,415,3.0
U100,899,5.0
U100,938,4.2
U100,322,4.8
U100,864,3.6
U100,795,3.6
U100,345,3.9
U100,262,3.9
U100,124,3.1
U100,851,4.5
U100,199,4.2
U100,624,2.5
U100,118,4.4
U100,360,4.5
U100,445,3.7
U100,1003,4.5
U100,498,4.2
U100,226,4.7
U100,872,4.4
U100,26,2.5
U100,538,5.0
U100,358,3.3
U100,477,4.1
U100,502,3.7
U100,873,5.0
U100,1007,4.5
U100,362,2.8
U100,475,3.5
U100,185,4.3
U100,796,2.8
U100,135,2.8
U100,7,3.4
U100,604,2.7
U100,370,3.0
U100,755,4.7
U100,879,3.8
